"Name","Size","Type","Created At","Description"
"OH1_frontleft_black.png","2,82 MB","image/png","2017-06-29 16:33:08",""
"OH1_frontleft_adapter.png","3,14 MB","image/png","2017-06-29 16:33:10",""
"OH1_beautyshot-1.jpg","1,34 MB","image/jpeg","2017-06-29 16:33:17",""
"polar-OH1-sensor-running-2602_Expires_June_2020.jpg","17,66 MB","image/jpeg","2017-07-18 09:32:00",""
"polar-OH1-sensor-running-1481_Expires_June_2020.jpg","10,44 MB","image/jpeg","2017-07-18 09:31:21",""
"polar-OH1-sensor-running-2021_Expires_June_2020.jpg","12,95 MB","image/jpeg","2017-07-18 09:31:39",""
"polar-OH1-sensor-fitness-3058_Expires_June_2020.jpg","17,01 MB","image/jpeg","2017-07-18 09:32:36",""
"polar-OH1-sensor-cycling-1075_Expires_June_2020.jpg","14,03 MB","image/jpeg","2017-07-18 09:30:41",""
"FINAL_-_Polar_OH1_Press_Release.docx","625,35 kB","application/vnd.openxmlformats-officedocument.wordprocessingml.document","2017-07-26 07:54:22",""
